"";"GRID_NAME_maille";"nb.data";"nb.dates";"nb.obs";"sr";"Axis1";"Axis2";"lat.wgs84";"lon.wgs84"
"1";"";NA;NA;NA;NA;NA;NA;47,4136515603446;-2,96435467718574
"2";"E009N684";9257;493;431;204;-0,793074562406612;-1,5087114338803;48,4549250253355;-5,13508514016968
"3";"E010N684";169543;1442;848;382;-9,04629755353258;0,139883993464269;48,4578214035329;-5,09339307778561
"4";"E010N685";9693;459;437;186;-0,648046246333664;-1,41725925372583;48,4812395869367;-5,07431892634458
"5";"E011N679";26393;573;264;289;-1,50355965203552;-1,04425266300254;48,036757204405;-4,85172955350312
"6";"E011N680";8717;440;218;248;-0,389568541407517;-1,09325082029648;48,040839719739;-4,86127472370255
"7";"E011N683";3801;316;167;178;0,616817856884756;-0,608412384864617;48,377824046251;-4,9216553286544
"8";"E011N684";9123;454;359;208;-0,549993104031935;-1,30499864211467;48,4025581278313;-4,95460225073303
"9";"E012N679";9666;758;380;232;-1,04682376331484;-1,29901224604966;48,0404188720878;-4,70876135134797
"10";"E012N680";4760;448;252;170;0,27820286344352;-0,736767602772729;48,0589507390154;-4,70596823887164
"11";"E012N683";20798;1481;494;268;-2,55194216183166;-1,1404478297639;48,3591172842201;-4,76014425461597
"12";"E012N684";6758;745;226;210;-0,232819714276924;-0,644546340433224;48,4532087366847;-4,76826141029108
"13";"E012N685";5581;669;158;190;0,259009096528108;-0,335045027464549;48,5205241222596;-4,76402766680428
"14";"E013N679";11269;936;285;232;-0,883638405459202;-0,764497830221026;48,0193056486723;-4,58167819847771
"15";"E013N680";4435;565;256;146;0,40435701554667;-0,489526045369243;48,07345605525;-4,59893646456186
"16";"E013N681";7519;703;187;183;0,141046070821508;-0,319209627287517;48,1912403157319;-4,55275238125513
"17";"E013N682";10492;1084;307;196;-0,722963198311615;-0,482104539845689;48,2787570345524;-4,59289089583613
"18";"E013N683";20181;1577;323;248;-1,83515568362446;-0,295811450398008;48,3910359474074;-4,60314235239402
"19";"E013N684";24389;2080;203;212;-1,56441004546249;0,917780515267026;48,4429848490932;-4,63649603188795
"20";"E013N685";22312;1212;311;252;-1,64903092805002;-0,526517863596496;48,5715965848395;-4,65183630380934
"21";"E013N686";493;106;37;75;2,19135619697984;0,378177576279172;48,6016232511762;-4,62022508590675
"22";"E014N676";6351;612;228;169;0,215032440683472;-0,47044069239594;47,7963340850351;-4,37207183316089
"23";"E014N677";8357;1004;218;210;-0,422788248638361;-0,367817267669805;47,8126906954296;-4,37422852490021
"24";"E014N678";32959;1701;345;283;-2,66652234839979;-0,235068045627924;47,9327568058856;-4,39267428589111
"25";"E014N679";12276;1196;259;239;-1,05570344672817;-0,484835308404563;48,0282373286125;-4,48778231691385
"26";"E014N680";1608;285;116;131;1,28361064667721;-0,152515509099526;48,0904862948278;-4,45945708118067
"27";"E014N681";21318;1418;278;233;-1,4781164713797;-0,121659679135813;48,2278256559483;-4,46187041791849
"28";"E014N682";32397;1480;204;233;-1,58540652722349;0,461143859443125;48,2832426369119;-4,53002044051998
"29";"E014N683";37490;2630;555;239;-3,75433800624295;0,163082057981922;48,3925139298545;-4,49505644170685
"30";"E014N684";3686;845;192;146;0,461533657855053;-0,0422627925704545;48,4591871188477;-4,5151606367017
"31";"E014N685";22749;1622;237;216;-1,36595726074366;0,35311343193517;48,5727971164986;-4,55824571387474
"32";"E014N686";15359;2022;246;256;-1,79340119118575;0,180450175391883;48,6212070975254;-4,55132267321107
"33";"E015N676";15894;1288;277;248;-1,3613693123726;-0,458660174261447;47,7945802366585;-4,28234133912545
"34";"E015N677";50114;2815;607;319;-5,11459481487082;-0,169718198045594;47,8611071745928;-4,31905897803944
"35";"E015N678";59253;2803;557;325;-5,25137001095432;0,175123839512103;47,9115276885054;-4,34457984208319
"36";"E015N679";2508;336;118;117;1,33815320914211;0,00430419407568616;48,01953531244;-4,33306576303216
"37";"E015N680";16032;1162;359;238;-1,47801952776758;-0,789395031362101;48,1155858119887;-4,30106634954185
"38";"E015N681";11024;963;205;221;-0,523497868150845;-0,37086891980633;48,2076507329828;-4,33403173686646
"39";"E015N682";30320;1533;264;208;-1,55042936371246;0,414982019029627;48,3130054998365;-4,33157749974053
"40";"E015N683";28960;1635;360;226;-2,06502160865369;-0,0219197517341541;48,3855217582824;-4,37383793830463
"41";"E015N684";5192;866;161;169;0,311616498778789;-0,0426241629894944;48,477027396505;-4,37107398658635
"42";"E015N685";2967;449;101;132;1,17884083007487;0,0603984266326293;48,5659991028918;-4,41842761146477
"43";"E015N686";60656;2363;473;321;-4,67723211596212;0,192594107266248;48,6365016293212;-4,42175027377547
"44";"E016N676";4462;386;105;174;0,7996364289833;-0,276782489106074;47,8025866277035;-4,20652166375483
"45";"E016N677";28039;1793;380;269;-2,58400172534748;-0,302976891083405;47,8613435361096;-4,17456273061381
"46";"E016N678";6149;889;185;173;0,151340116031627;-0,120077981772647;47,9395126770649;-4,14941393966373
"47";"E016N679";1951;461;104;117;1,31993138435397;0,144648567184512;48,0265802984328;-4,17150721116438
"48";"E016N680";4640;661;171;174;0,385348813454711;-0,295129762837549;48,1363162910198;-4,24395355229024
"49";"E016N681";8570;1203;182;168;-0,0727402520714064;0,238170359426643;48,2274372087174;-4,22520301552802
"50";"E016N682";41659;1773;246;227;-2,14036190435303;0,801480056977723;48,3146555026763;-4,2534622682044
"51";"E016N683";15675;1365;198;200;-0,718063743992631;0,24196545058826;48,3877110207472;-4,27553305255259
"52";"E016N684";12422;2097;171;201;-1,0231210953099;0,852406100360709;48,4939006865664;-4,24376005689278
"53";"E016N685";8481;1490;120;161;0,0143987598050342;0,750022017561762;48,5710625496057;-4,25983682072806
"54";"E016N686";80567;2313;614;344;-5,90652445559492;-0,0765862761298595;48,6483268180363;-4,2944078931073
"55";"E017N675";6721;335;101;180;0,729657272531179;-0,294434470446157;47,7186193609248;-3,98650266011525
"56";"E017N676";NA;NA;NA;NA;NA;NA;47,7754010189876;-4,02823042425671
"57";"E017N677";41714;2436;463;279;-3,77803785846452;0,154552081122076;47,8709123213676;-4,02151602310832
"58";"E017N678";33735;2473;243;206;-2,18099683514441;1,34851534393519;47,9379429334092;-4,06415685036685
"59";"E017N679";4141;663;199;125;0,726352221732444;-0,0521251237623244;48,0213458288646;-4,06058572380974
"60";"E017N680";1727;327;101;115;1,44263755979343;0,0566048856940788;48,1412965712671;-4,0669303038443
"61";"E017N681";7649;1111;169;176;-0,00972241029925225;0,132244886284789;48,217716172884;-4,09669809667328
"62";"E017N682";16617;780;169;151;0,165460880164386;0,254749648208648;48,3170499132567;-4,07831751917352
"63";"E017N683";4399;520;88;138;1,083225430631;0,155802034994944;48,3893992736596;-4,07552885842062
"64";"E017N684";9023;1326;118;172;0,0186975333934548;0,557041716854385;48,4852478627919;-4,12928142889081
"65";"E017N685";2828;432;76;124;1,34951566347554;0,194592944071835;48,5961303837214;-4,13219509223164
"66";"E017N686";26335;1469;189;270;-1,67107966833572;0,0974399790747783;48,6803974133424;-4,14689968206407
"67";"E018N676";22071;1331;276;281;-1,85122995292808;-0,516956147500702;47,8082833262089;-3,85971706001164
"68";"E018N677";27838;1878;442;240;-2,59682418032344;-0,257886090511454;47,8742410667872;-3,91364061751817
"69";"E018N678";4733;834;113;150;0,675981463461532;0,237604231053239;47,9634152273426;-3,92237453561695
"70";"E018N679";2518;227;41;122;1,63188606549983;0,16595021334614;48,0381224533253;-3,93465343466531
"71";"E018N680";1965;175;49;115;1,71534202055555;0,132242560855255;48,1542422421228;-3,94775777196387
"72";"E018N681";1249;227;68;113;1,6535985637583;0,101687783107619;48,2165302752917;-3,95852440737814
"73";"E018N682";8291;813;201;160;0,196902992063461;-0,0965840291921504;48,3419486171136;-3,95213573079474
"74";"E018N683";14060;1092;261;200;-0,707870042137718;-0,250870783147066;48,3908641969509;-3,96463177399574
"75";"E018N684";4387;512;96;130;1,13057525588117;0,177604346321087;48,5146436888709;-3,98072849062713
"76";"E018N685";21379;2019;75;186;-0,77066571605781;1,46351253299505;48,6018893813187;-3,97794325831355
"77";"E018N686";50451;2114;268;262;-2,99954982838398;0,945352514011088;48,6798140554845;-3,98890163569114
"78";"E018N687";10039;549;190;201;0,00353429032943639;-0,527689456880779;48,7403254450471;-4,0056939068926
"79";"E019N676";7924;717;202;220;-0,252036823935843;-0,623797509150676;47,8071728485249;-3,75495832157675
"80";"E019N677";4538;677;174;165;0,445333872385309;-0,230108915270763;47,8836323074951;-3,75374144404802
"81";"E019N678";3518;373;99;138;1,16802108830257;-0,0246482924998773;47,9759639648532;-3,78683970356605
"82";"E019N679";1641;213;51;121;1,64077607990535;0,104343279777787;48,0490905907246;-3,79248986343867
"83";"E019N680";2417;249;81;132;1,39586778301293;-0,0400900604019124;48,1485949642445;-3,80128808291106
"84";"E019N681";839;97;49;93;1,99005336524705;0,203177895891172;48,2376265019509;-3,80100872019454
"85";"E019N682";5992;629;184;163;0,417758684749832;-0,257780875884842;48,3499649958006;-3,85625413797001
"86";"E019N683";26299;1787;244;188;-1,35958864752127;0,747327848209027;48,428118074439;-3,83283944370501
"87";"E019N684";6381;1076;122;163;0,32468122143966;0,343799144520104;48,5131386407382;-3,84062112696067
"88";"E019N685";59753;3049;380;232;-4,01327669013622;1,72146363935971;48,6102125381378;-3,84815548801538
"89";"E019N686";46975;2476;281;259;-3,156794740605;1,13135612181098;48,6720863817085;-3,86716362533543
"90";"E020N676";10253;1166;172;217;-0,486962233703445;-0,0725547046051044;47,7985187847981;-3,63114919473829
"91";"E020N677";6998;857;126;156;0,498354655310242;0,21686542705492;47,8884180132198;-3,62494642695931
"92";"E020N678";1769;221;66;102;1,74463162946142;0,196500751583358;47,9859782861316;-3,64553604938611
"93";"E020N679";1654;198;49;115;1,70916055654561;0,143645232715059;48,0550618718164;-3,66234669360543
"94";"E020N680";7449;660;79;138;0,933268735151564;0,373575586185428;48,1370030832619;-3,70230611031156
"95";"E020N681";3436;815;69;123;1,11155159602655;0,552309183209636;48,2413411198401;-3,69239214116851
"96";"E020N682";7115;596;148;143;0,704225995911051;0,0211086082987329;48,3605650338591;-3,72880511605481
"97";"E020N683";30860;3295;151;176;-2,06409980302983;2,50809435245058;48,4487237851451;-3,73355430053824
"98";"E020N684";5438;632;57;141;1,05990505264294;0,364036270362277;48,5128804662811;-3,74374581000578
"99";"E020N685";6795;1317;119;163;0,163744291948747;0,559814799594421;48,6101139995011;-3,73143772518412
"100";"E020N686";12248;1260;151;200;-0,387368838743336;0,251891308394333;48,6880419341039;-3,75901262043302
"101";"E021N674";9365;541;183;219;-0,103391043092841;-0,654984171963339;47,634890691571;-3,45824163978813
"102";"E021N675";49531;2256;329;291;-3,52800676879287;0,601002086368621;47,7392376425933;-3,49089193804934
"103";"E021N676";17102;1441;354;250;-1,78011715592681;-0,607349090683857;47,7824930469718;-3,500223277402
"104";"E021N677";17024;1344;151;153;-0,174371363371744;0,77344591267451;47,8899385811046;-3,5228596050653
"105";"E021N678";3925;504;73;114;1,36705535078001;0,362440505775039;48,0040189281782;-3,51416717119089
"106";"E021N679";1350;194;89;107;1,65208509949706;0,0429796728594343;48,0608652082414;-3,49947784108141
"107";"E021N680";4938;457;77;151;1,0345524519782;0,0634484750072272;48,1941449700416;-3,50377407942102
"108";"E021N681";3004;578;114;120;1,15164390271066;0,204893014466275;48,2691042728497;-3,56358183363275
"109";"E021N682";1512;148;69;105;1,76401215571495;0,0983778029951624;48,3658998698217;-3,58084798532926
"110";"E021N683";1721;238;46;126;1,59586285700542;0,108605022374812;48,4383150032157;-3,55711699293206
"111";"E021N684";14016;1134;210;210;-0,645237194214607;-0,101205178286572;48,5413060342442;-3,5634545934313
"112";"E021N685";6217;908;110;146;0,629019283506703;0,37235012003133;48,6166774211721;-3,59129896920368
"113";"E021N686";86788;2716;261;278;-4,56552353096515;2,18727282335847;48,6990171444725;-3,58915041837879
"114";"E021N687";16474;1020;299;245;-1,25089455848979;-0,722189097127913;48,7805633087249;-3,57247462349144
"115";"E022N670";1347;226;117;149;1,17085080790614;-0,341255166639337;47,3117518030272;-3,23587954496515
"116";"E022N671";3580;397;160;196;0,437939778974719;-0,653073605411312;47,3658235346241;-3,24747451333965
"117";"E022N674";764;238;60;116;1,66197641093578;0,107193902616379;47,6795730148494;-3,29022004579293
"118";"E022N675";117105;3086;705;356;-7,89433371219251;0,973494098454569;47,7163954649812;-3,33823214369866
"119";"E022N676";22638;2229;231;202;-1,6219745634904;0,966592199836898;47,7930693713508;-3,37426065754156
"120";"E022N677";4218;960;114;131;0,768735040982623;0,462435752280067;47,8968781028411;-3,38151554692595
"121";"E022N678";2735;301;82;114;1,50471019490629;0,136871366520199;47,9738592491236;-3,36868356584462
"122";"E022N679";3417;351;64;138;1,30607392860292;0,0852491446240217;48,0762655015883;-3,40456953697954
"123";"E022N680";4733;455;88;165;0,882685364261272;-0,0858279741305469;48,196172127755;-3,40801108527594
"124";"E022N681";1790;387;105;144;1,13624775564552;-0,119497029882127;48,2408392115474;-3,39766157455897
"125";"E022N682";1240;193;77;118;1,60202295496582;0,00405517480699163;48,3479319457831;-3,3827112950032
"126";"E022N683";1198;270;63;112;1,65254650734111;0,161205539424987;48,4396598094172;-3,4393256203102
"127";"E022N684";4824;683;114;136;0,890922684229053;0,215685141045346;48,5175365788556;-3,45111858811845
"128";"E022N685";2117;476;73;112;1,45530703544524;0,31229604938622;48,6216851439087;-3,45138951970798
"129";"E022N686";27912;1903;220;184;-1,36569669176379;0,997139483722955;48,7331033280267;-3,4789754031059
"130";"E022N687";31579;1663;513;265;-3,02432708111023;-0,791107456321716;48,8133647099584;-3,47544611478154
"131";"E022N688";3399;351;253;118;0,828629543649746;-0,471808387782592;48,8827200632;-3,46732062322317
"132";"E023N670";4325;622;158;214;0,118659190494509;-0,577198624879372;47,3021489590901;-3,1590899778861
"133";"E023N671";5183;702;179;218;-0,0660796462164174;-0,599627796229141;47,3498143668888;-3,18046398849851
"134";"E023N672";7449;926;323;238;-0,949136635200484;-1,04634597855438;47,4853780918455;-3,13838760819429
"135";"E023N673";18481;1528;492;300;-2,78603295437708;-1,38197575574626;47,542497971254;-3,14046548128986
"136";"E023N674";44492;2933;495;331;-4,74759376694459;0,123953404087715;47,644364551977;-3,19054196491002
"137";"E023N675";38736;2955;375;296;-3,87869804510777;0,708934120934451;47,7221967910506;-3,19207251127071
"138";"E023N676";31323;2233;210;191;-1,70885766634814;1,32994150483645;47,8247018510066;-3,2077012919888
"139";"E023N677";2357;387;66;131;1,36674773620081;0,133343465018918;47,8997604145049;-3,21910939379287
"140";"E023N678";1791;295;47;106;1,72591176139532;0,29842448435084;47,9967026371389;-3,22304977994351
"141";"E023N679";3761;537;61;144;1,1315562955718;0,211360876560031;48,0944375230269;-3,25845892624467
"142";"E023N680";1433;341;75;119;1,49684975221061;0,128587746641115;48,1767390443816;-3,28274050944702
"143";"E023N681";1587;415;84;119;1,41247271530873;0,158671683855682;48,2804553383991;-3,2754579453204
"144";"E023N682";1661;324;73;138;1,3438299479835;-0,0108954962489767;48,3542436384318;-3,28403292003612
"145";"E023N683";1227;193;53;119;1,67642719160145;0,0856562183987509;48,4376517633087;-3,28839299711813
"146";"E023N684";2332;367;92;119;1,39502831499066;0,107375738658701;48,5453433817523;-3,32437521565603
"147";"E023N685";1337;242;92;106;1,61906450662373;0,077701607500832;48,6299449751496;-3,31012763003652
"148";"E023N686";3418;617;106;152;0,864318409151367;0,0426739405617703;48,736499689667;-3,33384810778573
"149";"E023N687";5595;676;202;209;-0,0621490983387479;-0,631007477951452;48,8187462575948;-3,33941354359056
"150";"E024N670";1572;182;84;160;1,21184246652413;-0,329185927100875;47,2992259457656;-3,07491111290699
"151";"E024N671";1458;182;96;132;1,41627519383312;-0,172408164758528;47,3926576387594;-2,98598081420024
"152";"E024N672";4668;554;227;203;0,0111828333319305;-0,800582108794532;47,4729125017988;-3,08952687933102
"153";"E024N673";19391;1538;453;249;-2,24302087196229;-0,83617119847904;47,5798531889151;-3,06456543481549
"154";"E024N674";12639;2182;306;228;-1,78451158521626;0,227883145784954;47,640839242225;-3,08625205082354
"155";"E024N675";38058;2620;280;257;-2,97261974311299;1,05899501274044;47,7343516524989;-3,06551247589859
"156";"E024N676";6696;946;119;147;0,550349282981246;0,373538609426243;47,8122219914458;-3,07745593413678
"157";"E024N677";2290;351;95;133;1,27524893619291;-0,0197230733807459;47,9023041362796;-3,0997064716934
"158";"E024N678";3591;487;86;122;1,27390929098996;0,234299711601531;47,9970010121985;-3,10668826725876
"159";"E024N679";6696;817;64;141;0,877049244878146;0,517144066519299;48,0971333116065;-3,11342782445276
"160";"E024N680";5886;896;134;164;0,407987168933814;0,134585700831173;48,2008409824155;-3,12962917269551
"161";"E024N681";1056;394;56;104;1,66811165210562;0,342666628808168;48,2588427231092;-3,13929595629952
"162";"E024N682";1116;193;62;125;1,5966804170643;0,00591020043195722;48,3516493046929;-3,14820917843711
"163";"E024N683";2088;203;52;111;1,71757391721073;0,175783292613201;48,4574121135824;-3,14924413148643
"164";"E024N684";8114;987;176;141;0,33771141181507;0,271614242937426;48,5569208077974;-3,15359657580456
"165";"E024N685";2283;430;62;127;1,38889631769623;0,210469867382881;48,634624861699;-3,18216629015875
"166";"E024N686";16594;1627;173;214;-0,952961586087714;0,466480343066188;48,755998798358;-3,20102277505295
"167";"E024N687";16853;1657;224;244;-1,41579734675272;0,0886812927293306;48,8311501960751;-3,19158376458805
"168";"E024N688";4476;374;152;171;0,671211216886891;-0,438982372411601;48,8659586608473;-3,22856499867733
"169";"E025N670";22564;787;289;290;-1,62874286823397;-1,06009654135578;47,3363429833278;-2,87401739819706
"170";"E025N671";6361;629;239;206;-0,154797706249124;-0,766916481581841;47,3659756693699;-2,91282104547445
"171";"E025N672";NA;NA;NA;NA;NA;NA;47,5069157430076;-2,87124799062692
"172";"E025N673";35760;1823;647;289;-3,92080569362412;-1,23713640012928;47,5739574386832;-2,92630410836026
"173";"E025N674";47171;2465;447;236;-3,52795459540065;0,677695557315773;47,6672238560168;-2,96580528750594
"174";"E025N675";11087;851;175;150;0,26688613917898;0,168692302882089;47,7324216933629;-2,97712356796596
"175";"E025N676";9852;790;134;175;0,267776506251425;0,0607644721934232;47,8174040380676;-2,94982500956443
"176";"E025N677";1647;260;94;112;1,53933111631076;0,048339412671927;47,9139208221311;-2,96360529147116
"177";"E025N678";2845;350;114;134;1,1856958135009;-0,0855252650700848;48,0319175898389;-2,97865036211225
"178";"E025N679";6979;858;119;144;0,626277669468079;0,33068597084197;48,1023736494413;-2,97762485168437
"179";"E025N680";9053;1088;133;191;-0,0411001628979409;0,170739816137452;48,1876815927892;-3,01131623900675
"180";"E025N681";5723;1485;83;155;0,277112955607551;0,863071365192844;48,27483366642;-3,03508292057054
"181";"E025N682";2161;346;76;140;1,28713684971181;-0,00716998498802537;48,3516836796166;-3,0257116480694
"182";"E025N683";1993;189;72;112;1,6520153566225;0,0806214198983807;48,4694739496975;-3,03988638825152
"183";"E025N684";2226;492;104;128;1,1962140066127;0,0960041869803175;48,5360230657418;-3,04487234139583
"184";"E025N685";5123;1174;75;127;0,770072410813606;0,830923858282272;48,6698697629504;-3,03064045285797
"185";"E025N686";26743;2517;221;235;-2,18265501597235;1,09205336176773;48,7383776899224;-3,03531214167712
"186";"E025N687";15453;1416;308;220;-1,29750503411646;-0,276396413942767;48,8202364323425;-3,05872656900878
"187";"E025N688";9015;853;254;227;-0,61332334286383;-0,732505413946921;48,8703566918822;-3,09471806147585
"188";"E026N672";42130;2022;568;303;-4,08609135060494;-0,736253590826066;47,5097855644227;-2,74456945622851
"189";"E026N673";38442;2119;681;281;-4,24205570664564;-1,00304386199483;47,5611272991582;-2,75532375987839
"190";"E026N674";31278;2574;574;256;-3,74986933027973;-0,221186603345432;47,6511690576969;-2,77256010753481
"191";"E026N675";7289;716;158;157;0,464188864231108;-0,0168041430452941;47,7489084012531;-2,82134146360427
"192";"E026N676";9426;666;129;166;0,457239828583883;0,0345641016122505;47,8449666426154;-2,81469027338751
"193";"E026N677";5304;569;114;152;0,813787380011661;0,0179048700672263;47,9117022445688;-2,82524876136887
"194";"E026N678";1507;133;53;101;1,86383331652469;0,174715595852378;48,0129287956599;-2,84296417304044
"195";"E026N679";5836;560;110;169;0,670875207314054;-0,0860241211184388;48,0916559370706;-2,83874069069685
"196";"E026N680";941;143;64;97;1,87037798360558;0,157925585221676;48,1969834589559;-2,84702746922436
"197";"E026N681";1913;269;81;132;1,39726550283623;-0,0356048033452023;48,294122654339;-2,90309518605135
"198";"E026N682";2088;369;95;139;1,21725305867049;-0,0535561665075653;48,3739579927116;-2,87276560282773
"199";"E026N683";1587;244;89;114;1,55155190379199;0,0379905030189858;48,4762761314343;-2,86582254399162
"200";"E026N684";3149;592;135;136;0,927281556007681;0,0249802665413096;48,5704331028293;-2,89388773551973
"201";"E026N685";10884;1355;160;204;-0,476243756865428;0,234550209887114;48,6600682427025;-2,89360646983435
"202";"E026N686";14569;1343;163;230;-0,810657733380988;0,109901743016456;48,7335774381019;-2,94411759414125
"203";"E026N687";3748;250;119;161;0,974559644958231;-0,360862558186957;48,8499429743297;-2,99237036338992
"204";"E027N671";NA;NA;NA;NA;NA;NA;47,4112983433766;-2,63613648679583
"205";"E027N672";17338;1355;369;279;-2,03293597366378;-0,93858697170935;47,5057533227839;-2,66473903368513
"206";"E027N673";76387;3315;765;294;-6,53475215188996;0,441160764046351;47,6043023104851;-2,70476900332087
"207";"E027N674";15977;2093;330;228;-1,90517688412093;0,14419601699862;47,6445668930806;-2,69712433672175
"208";"E027N675";4412;568;100;151;0,897208083624219;0,0556707415863532;47,7575268631618;-2,68677455054871
"209";"E027N676";9331;1020;108;170;0,263762035190395;0,368037303857226;47,8463632810303;-2,69424446266311
"210";"E027N677";20993;762;92;174;0,116576555904475;0,460464296820136;47,9443071321481;-2,71578717905598
"211";"E027N678";2681;169;57;119;1,63634373897037;0,0851518172206682;48,0214104922709;-2,6861818494394
"212";"E027N679";893;103;49;94;1,97586264959408;0,202007588802703;48,101549128992;-2,73406003009382
"213";"E027N680";2358;274;105;136;1,26373156557866;-0,139544389599178;48,2050991765248;-2,73865270447521
"214";"E027N681";4651;399;76;137;1,20588533155907;0,115516145654698;48,2771720562424;-2,73561850763429
"215";"E027N682";1864;253;46;123;1,60778220370724;0,145941197789741;48,3804003870038;-2,74734590127334
"216";"E027N683";27923;2389;411;277;-3,15059270822739;0,00366940000009008;48,5011916052599;-2,72043045971377
"217";"E027N684";17705;1678;369;260;-2,09250301773604;-0,529937673114429;48,5637113611569;-2,76464005468698
"218";"E027N685";3009;422;96;160;0,970222198572129;-0,145940521816169;48,6322210546814;-2,82217911941752
"219";"E028N671";1715;271;92;170;1,03472019019753;-0,356354865860903;47,4460538845341;-2,47986507465939
"220";"E028N672";34884;1658;507;311;-3,49453344392688;-1,03120409464544;47,5124252437857;-2,5019169693921
"221";"E028N673";11350;1571;259;209;-1,01688474468195;0,0160320931225251;47,566087468849;-2,50157647901231
"222";"E028N674";4055;594;126;150;0,809460098642096;-0,0209013961617374;47,6725085568805;-2,55593241292177
"223";"E028N675";6829;945;122;165;0,380943711120407;0,233514176148538;47,769807890385;-2,55014574944971
"224";"E028N676";1259;272;62;118;1,60094325100602;0,124241001925001;47,8499171066802;-2,56295549913346
"225";"E028N677";3940;533;120;135;1,00367402064059;0,0586024180157695;47,9540121145274;-2,56793462080489
"226";"E028N678";2261;184;57;115;1,67324857370719;0,116685458113181;48,0324250739623;-2,59191237067468
"227";"E028N679";780;68;35;93;2,05916326782632;0,23033976710119;48,1443280276343;-2,59439744895107
"228";"E028N680";1411;233;69;114;1,63283078414267;0,0993121035590274;48,2024594645837;-2,59862797345133
"229";"E028N681";458;128;36;91;2,0427229279766;0,282318435366698;48,2929433064517;-2,62310799344154
"230";"E028N682";2978;357;50;141;1,33709390999435;0,110071499993921;48,4070626690666;-2,63283035575894
"231";"E028N683";27885;2317;394;276;-3,03467918826978;0,0149190630545499;48,5022040794677;-2,66965512090017
"232";"E028N684";21897;1506;235;265;-1,68202374823545;-0,110277730588194;48,5459101001778;-2,61991671797155
"233";"E029N671";NA;NA;NA;NA;NA;NA;47,4545146014865;-2,36085581385401
"234";"E029N672";8330;2103;228;217;-1,24336273658914;0,433722427466416;47,4976588306598;-2,38148590718949
"235";"E029N673";1878;446;105;126;1,25057894649151;0,0615043438992394;47,5876062970507;-2,39417931723254
"236";"E029N674";3115;563;159;157;0,682892732401028;-0,24151112338149;47,6824629985145;-2,37795998053768
"237";"E029N675";8273;1364;129;150;0,167947536878131;0,689815301035504;47,7877985133549;-2,4431278011518
"238";"E029N676";2552;433;105;145;1,07509204575842;-0,0718018912275693;47,8552548943512;-2,42229208030886
"239";"E029N677";4972;508;149;205;0,284180279913011;-0,555486744881198;47,9544877581246;-2,40461219624595
"240";"E029N678";781;76;28;109;1,93940986700871;0,146273181799807;48,0357006385733;-2,43266053098912
"241";"E029N679";680;38;29;88;2,14585892980045;0,262441051332839;48,1289166624951;-2,44777860974647
"242";"E029N680";550;98;43;89;2,05308326559451;0,248712727887091;48,2137669035313;-2,44012692008414
"243";"E029N681";614;91;36;103;1,95873523636562;0,168531903214316;48,3069376822495;-2,48007721994618
"244";"E029N682";1549;248;90;112;1,56388440593723;0,0512044101895209;48,3910792323675;-2,4504774462389
"245";"E029N683";2870;454;168;148;0,808960468639014;-0,303378866918971;48,472484719464;-2,492442693173
"246";"E029N684";2691;515;152;171;0,629791016240299;-0,366252791451148;48,5876349751092;-2,51132000500565
"247";"E029N685";1482;276;150;143;1,07215643739957;-0,376526729577077;48,6407105703706;-2,47183246641607
"248";"E030N672";3239;1084;139;158;0,395234186079438;0,25048905707044;47,520884456671;-2,28815596089028
"249";"E030N673";4385;583;95;153;0,887985228867875;0,0712031489801854;47,5854417760755;-2,24569242554294
"250";"E030N674";1710;334;104;123;1,35889136347482;-0,00756043826787062;47,6888268361069;-2,26225706019635
"251";"E030N675";1823;176;69;138;1,45072096086925;-0,112163829151329;47,7791789616998;-2,27889426624886
"252";"E030N676";930;103;58;108;1,82254691832038;0,06741009749393;47,8522127209734;-2,29625170100104
"253";"E030N677";4781;519;175;180;0,40936335740577;-0,465474685035702;47,9712551782192;-2,28416600565788
"254";"E030N678";1499;226;111;120;1,43824493731043;-0,104114326956248;48,0346896436625;-2,29385506862003
"255";"E030N679";527;56;36;116;1,87181265844573;0,0434296420479879;48,1323035164472;-2,29727046377795
"256";"E030N680";812;117;54;120;1,72658186730722;0,00343512112411498;48,2208612913746;-2,34150626451551
"257";"E030N681";382;95;62;85;2,02911565386269;0,200914077049583;48,3120195170913;-2,34449725038886
"258";"E030N682";1234;239;103;109;1,56015673093611;0,0101383084975064;48,3993994654154;-2,33920060604671
"259";"E030N683";2262;233;90;122;1,46652523187276;-0,0172365550820939;48,4811122785622;-2,35460930000038
"260";"E030N684";3840;517;151;173;0,581276653093168;-0,348776492889933;48,6136615677156;-2,33250084887127
"261";"E030N685";10497;1061;506;232;-1,70526845192944;-1,50246888446009;48,6705016948354;-2,33701641462464
"262";"E031N672";2678;430;56;143;1,25955934038317;0,125366005067653;47,5438870307854;-2,14713194110054
"263";"E031N673";16687;1474;224;226;-1,13417216706007;0,0677254129520619;47,6038393858744;-2,11259718836545
"264";"E031N674";7069;1028;175;186;-0,0453204103754423;-0,0436432326900049;47,6851571826996;-2,11793465159359
"265";"E031N675";2897;340;116;131;1,20988493526414;-0,0779905264889128;47,7727133076407;-2,14886607213568
"266";"E031N676";3093;353;118;145;1,06748435193346;-0,172346041250483;47,8856385789655;-2,16955201626007
"267";"E031N677";2238;428;177;153;0,770163672040044;-0,409014414464931;47,9705626046328;-2,16993807665258
"268";"E031N678";6909;621;265;190;-0,116424644193728;-0,740694911390684;48,0359493314282;-2,14553223432024
"269";"E031N679";1104;156;64;110;1,74448456654115;0,0775218816712732;48,1573353530258;-2,18148820766372
"270";"E031N680";1929;318;98;120;1,40976530935586;0,0287259924155754;48,2542549926045;-2,16226924434661
"271";"E031N681";824;160;85;105;1,72090777181139;0,0326443454824089;48,3128169504145;-2,19102271380074
"272";"E031N682";3281;525;80;153;1,01000823571399;0,054292430190907;48,4123542358798;-2,18843249860624
"273";"E031N683";1541;272;76;125;1,48391419312832;0,0277640119742856;48,4976415619031;-2,19449962044414
"274";"E031N684";10994;1089;379;248;-1,43918744631728;-1,11285234409297;48,5959407706237;-2,19050927719946
"275";"E031N685";1624;286;153;131;1,15501014735023;-0,288834360376584;48,6472681343993;-2,26404912265322
"276";"E032N673";NA;NA;NA;NA;NA;NA;47,6472174240198;-2,05367653883319
"277";"E032N674";9668;810;187;197;-0,11321787114861;-0,284575308572543;47,6908097377112;-1,98059486084186
"278";"E032N675";2551;299;101;132;1,29003321144881;-0,0707929436690534;47,7687019151253;-1,98251388483465
"279";"E032N676";717;114;51;119;1,75031477804916;0,0172313519150825;47,878489376783;-2,01367976919504
"280";"E032N677";2693;480;99;156;0,965358333738371;-0,0883020365672226;47,9878723568753;-2,02894228000662
"281";"E032N678";52483;2157;518;285;-4,14738489186261;-0,0692211574125565;48,0665922177647;-2,01162881396301
"282";"E032N679";2168;345;127;122;1,2677588619915;-0,0661880686949486;48,1622572422252;-2,04479269880133
"283";"E032N680";4193;567;144;143;0,821904064686399;-0,0554532424208815;48,2322094200599;-2,0697656529233
"284";"E032N681";2226;224;77;125;1,49232668694693;0,00108683507870577;48,3184731703347;-2,04636067080651
"285";"E032N682";5101;925;316;154;-0,128860359058678;-0,463661487917824;48,4300975324;-2,04532969892928
"286";"E032N683";4031;539;138;144;0,857117926308253;-0,0668923397148661;48,4806186316036;-2,04200660403595
"287";"E032N684";10756;1364;379;225;-1,41485075683913;-0,728008777741309;48,6133099997791;-2,09020043124893
"288";"E032N685";1395;283;155;106;1,37323413051218;-0,121857794631161;48,6535906557854;-2,06085004889469
"289";"E033N674";2039;253;106;140;1,2487760765148;-0,196835926894394;47,7281899478644;-1,86159886546953
"290";"E033N675";6609;437;102;146;0,956480237461924;0,0296211885842863;47,7931935996095;-1,85818387079272
"291";"E033N676";1081;220;76;118;1,59223564868264;0,0259484356501269;47,8888845650599;-1,86953051225209
"292";"E033N677";16499;1751;174;192;-0,845086438347746;0,72131570369883;47,9794480525875;-1,89217514945161
"293";"E033N678";10663;1283;242;188;-0,566212298610756;-0,0170645894607994;48,0596107723039;-1,88537831580454
"294";"E033N679";7146;1384;247;162;-0,323048966087899;0,153861527205054;48,1450772933237;-1,89909394085138
"295";"E033N680";1975;389;95;125;1,32854780358553;0,0620308854239753;48,2488675755733;-1,90991588823938
"296";"E033N681";3393;640;116;114;1,14445766090107;0,300451745881057;48,3303445797539;-1,9335167763821
"297";"E033N682";5754;588;130;153;0,724397671539238;-0,0229870686487834;48,4312269782287;-1,94208533482978
"298";"E033N683";22544;1446;283;242;-1,62733541381758;-0,15463299073376;48,5111707167637;-1,96991092323368
"299";"E033N684";21529;1428;440;249;-2,18753489929411;-0,827268698424266;48,5903903047226;-1,96611404615101
"300";"E033N685";9452;1021;359;219;-1,02949820819136;-0,918156579110791;48,6783565168413;-1,95843902636788
"301";"E034N674";1553;331;100;121;1,39652709181269;0,0157971464062758;47,7401787916704;-1,72774435104928
"302";"E034N675";7445;946;147;163;0,293607235609102;0,170312582798398;47,7990067071493;-1,73655319707511
"303";"E034N676";4111;823;169;156;0,456393550041757;-0,0375967655419364;47,8959703486987;-1,75636727158262
"304";"E034N677";13812;1284;315;186;-0,892374353527022;-0,199756615529762;47,9949658847008;-1,74863327007212
"305";"E034N678";46120;2370;535;253;-3,88509548999064;0,125398041034704;48,0743423979904;-1,75062434763585
"306";"E034N679";11145;1687;366;190;-1,29171247733542;-0,153952266083287;48,1485142019076;-1,76893661792046
"307";"E034N680";6265;909;176;169;0,200405352098546;-0,0385861440070313;48,2502110528592;-1,78069531155358
"308";"E034N681";21639;2147;187;210;-1,45649955969125;0,982158156265462;48,3168840364516;-1,77615136529055
"309";"E034N682";8900;974;121;150;0,435064186421143;0,418170567064005;48,4091152182114;-1,7538747577715
"310";"E034N683";2952;458;164;162;0,696485133573992;-0,385378482877015;48,5311051392525;-1,82164018058013
"311";"E034N684";6200;694;239;214;-0,262362311687866;-0,776293221391758;48,6021626360197;-1,83493767103602
"312";"E034N685";8510;802;355;223;-0,87831094535726;-1,13175713473858;48,6959110230568;-1,85798927575521
"313";"E035N674";406;91;17;66;2,35063463118554;0,503906621450874;47,7443263299546;-1,653303035301
"314";"E035N675";2991;578;84;156;0,943631838438898;0,0537627213449388;47,8269577822322;-1,62967369194953
"315";"E035N676";43560;3765;90;159;-2,38560160159658;3,53467821535074;47,8548448751135;-1,59748100016886
"316";"E035N677";6318;751;191;134;0,554693306516393;0,033930266726009;47,9858240952619;-1,64990653926517
"317";"E035N678";44194;3107;839;209;-4,98264324171547;-0,131441532855405;48,090802708875;-1,65854951259023
"318";"E035N679";38857;3063;687;233;-4,48295137626195;0,098825763184081;48,1516896729176;-1,65224128664287
"319";"E035N680";9519;1124;174;163;0,0228093870213232;0,262395622388207;48,2523794116554;-1,651971174826
"320";"E035N681";15806;1188;179;216;-0,677984010543362;0,0556416075271374;48,34594335426;-1,64678611581141
"321";"E035N682";4567;553;61;140;1,13224881649116;0,272207672178902;48,4331144910786;-1,67059349367575
"322";"E035N683";4090;436;128;173;0,706798598697984;-0,323111452449139;48,5162743543737;-1,68722514606453
"323";"E035N684";10095;876;335;252;-1,15540072780843;-1,17194271536295;48,6098960495848;-1,67996374681882
"324";"E036N675";1174;186;38;103;1,87282396759779;0,251081329081429;47,817281249425;-1,52268510810515
"325";"E036N676";1349;324;52;109;1,6763584391785;0,271201536958233;47,8866772665968;-1,49527074119364
"326";"E036N677";3098;770;110;153;0,750045101682394;0,137033089430428;47,9988788419408;-1,49735314723836
"327";"E036N678";4302;708;231;138;0,469119999136083;-0,225570838655639;48,0782065670657;-1,49860181562925
"328";"E036N679";9817;1091;260;179;-0,398872890921542;-0,19359203482092;48,1833692231956;-1,52833032530299
"329";"E036N680";9045;1074;217;190;-0,312360684449568;-0,14566584381432;48,2695035438062;-1,52550047157109
"330";"E036N681";12626;1522;129;155;-0,10599484609146;0,882585551378564;48,3494236233378;-1,50262777277685
"331";"E036N682";14187;943;150;202;-0,247976697224424;0,0293018941989884;48,4659530100285;-1,49206801894678
"332";"E036N683";21611;1018;261;228;-1,12040001372537;-0,339291970412952;48,5172135528588;-1,51430038887773
"333";"E036N684";8708;770;305;220;-0,664661567125105;-0,945406387943081;48,62468662434;-1,58316357467628
"334";"E036N685";NA;NA;NA;NA;NA;NA;48,6656834844359;-1,60948796017169
"335";"E036N686";NA;NA;NA;NA;NA;NA;48,764674935372;-1,5185557289468
"336";"E037N675";1662;231;94;143;1,28961173584359;-0,200688340210388;47,8249726085829;-1,30880813957417
"337";"E037N676";3706;478;108;177;0,724444747759483;-0,252834727330299;47,9337171777853;-1,36473871153701
"338";"E037N677";1388;322;79;125;1,44497192799636;0,0535648434512989;47,9858162552501;-1,35447115692266
"339";"E037N678";4643;550;153;129;0,910317264623099;0,00980179866314995;48,0884238768982;-1,37619396173099
"340";"E037N679";2559;451;123;143;1,01829767560773;-0,109376052413612;48,1758562170574;-1,39409832377223
"341";"E037N680";8292;1044;169;169;0,0765272620521881;0,14392074329366;48,2645853104141;-1,41889034156476
"342";"E037N681";3688;486;114;129;1,11467167263995;0,0806841701997847;48,3465210924846;-1,42798459676337
"343";"E037N682";2404;472;43;117;1,50968844035574;0,390782507684364;48,4262786802512;-1,36627424499981
"344";"E037N684";214;24;13;75;2,33632419328202;0,39445011415177;48,6369161481741;-1,43829314006346
"345";"E038N675";367;117;36;87;2,08726984904796;0,300437485268717;47,8140510567121;-1,25057549498038
"346";"E038N676";723;193;33;101;1,91582175696842;0,279421335191345;47,931043575956;-1,22911901625157
"347";"E038N677";972;216;49;116;1,70838197169729;0,135085402497797;47,9835230099308;-1,22397663500731
"348";"E038N678";2541;554;194;137;0,758093360920668;-0,246484866343631;48,1111019850595;-1,228696991543
"349";"E038N679";12817;741;196;218;-0,371793288352019;-0,453727449987596;48,1453441899106;-1,26550558150228
"350";"E038N680";8920;650;164;207;0,0068554895753562;-0,418978399662276;48,2393888150838;-1,20246275132227
"351";"E038N681";3262;578;167;147;0,727751386451549;-0,182806132969483;48,3545741256408;-1,22493203324537
"352";"E038N682";2069;372;84;114;1,4702110576587;0,171474590663149;48,4409177232263;-1,26981132251344
"353";"E038N683";648;79;17;55;2,44680371218875;0,579963145577336;48,5104843199304;-1,23968637826363
"354";"E039N677";454;129;46;92;1,99906551594935;0,238586612967703;48,0145211767776;-1,10693527549227
"355";"E039N678";6030;547;167;186;0,33024518612809;-0,427742514071364;48,0994050458597;-1,12642202019013
"356";"E039N679";1207;193;74;151;1,32754703634399;-0,226019025240881;48,1733445659442;-1,10482998748277
"357";"E039N680";1442;223;55;118;1,65213587045842;0,114812735897693;48,2720721808623;-1,13914767473357
"358";"E039N681";2475;352;88;129;1,32797910999104;0,0405479295650574;48,3730101566462;-1,15652577797085
"359";"E039N682";6392;458;89;167;0,811830622528033;-0,0631171423825636;48,4520166694127;-1,17716221405247
"360";"E039N683";18;6;5;17;2,88372576890315;0,827660042451135;48,5126603022659;-1,17743223469696
"361";"E040N677";NA;NA;NA;NA;NA;NA;48,0141955;-1,0201455
"362";"E040N681";NA;NA;NA;NA;NA;NA;48,3298;-1,047388
